AIML,CSD,CSM,CAI,CSE A,CSE B,CSE c
22FE1A6101,22FE1A4401,22FE1A4201,22FE1A4301,22FE1A0501,22FE1A0201,22FE1A0301
22FE1A6102,22FE1A4402,22FE1A4202,22FE1A4302,22FE1A0502,22FE1A0202,22FE1A0302
22FE1A6103,22FE1A4403,22FE1A4203,22FE1A4303,22FE1A0503,22FE1A0203,22FE1A0303
22FE1A6104,22FE1A4404,22FE1A4204,22FE1A4304,22FE1A0504,22FE1A0204,22FE1A0304
22FE1A6105,22FE1A4405,22FE1A4205,22FE1A4305,22FE1A0505,22FE1A0205,22FE1A0305
22FE1A6106,22FE1A4406,22FE1A4206,22FE1A4306,22FE1A0506,22FE1A0206,22FE1A0306
22FE1A6107,22FE1A4407,22FE1A4207,22FE1A4307,22FE1A0507,22FE1A0207,22FE1A0307
22FE1A6108,22FE1A4408,22FE1A4208,22FE1A4308,22FE1A0508,22FE1A0208,22FE1A0308
22FE1A6109,22FE1A4409,22FE1A4209,22FE1A4309,22FE1A0509,22FE1A0209,22FE1A0309
22FE1A6110,22FE1A4410,22FE1A4210,22FE1A4310,22FE1A0510,22FE1A0210,22FE1A0310
22FE1A6111,22FE1A4411,22FE1A4211,22FE1A4311,22FE1A0511,22FE1A0211,22FE1A0311
22FE1A6112,22FE1A4412,22FE1A4212,22FE1A4312,22FE1A0512,22FE1A0212,22FE1A0312
22FE1A6113,22FE1A4413,22FE1A4213,22FE1A4313,22FE1A0513,22FE1A0213,22FE1A0313
22FE1A6114,22FE1A4414,22FE1A4214,22FE1A4314,22FE1A0514,22FE1A0214,22FE1A0314
22FE1A6115,22FE1A4415,22FE1A4215,22FE1A4315,22FE1A0515,22FE1A0215,22FE1A0315
22FE1A6116,22FE1A4416,22FE1A4216,22FE1A4316,22FE1A0516,22FE1A0216,22FE1A0316
22FE1A6117,22FE1A4417,22FE1A4217,22FE1A4317,22FE1A0517,22FE1A0217,22FE1A0317
22FE1A6118,22FE1A4418,22FE1A4218,22FE1A4318,22FE1A0518,22FE1A0218,22FE1A0318
22FE1A6119,22FE1A4419,22FE1A4219,22FE1A4319,22FE1A0519,22FE1A0219,22FE1A0319
22FE1A6120,22FE1A4420,22FE1A4220,22FE1A4320,22FE1A0520,22FE1A0220,22FE1A0320
22FE1A6121,22FE1A4421,22FE1A4221,22FE1A4321,22FE1A0521,22FE1A0221,22FE1A0321
,22FE1A4422,22FE1A4222,22FE1A4322,22FE1A0522,22FE1A0222,22FE1A0322
,22FE1A4423,22FE1A4223,22FE1A4323,22FE1A0523,22FE1A0223,22FE1A0323
,22FE1A4424,22FE1A4224,22FE1A4324,22FE1A0524,22FE1A0224,22FE1A0324
,22FE1A4425,22FE1A4225,22FE1A4325,22FE1A0525,22FE1A0225,22FE1A0325
,22FE1A4426,22FE1A4226,22FE1A4326,22FE1A0526,22FE1A0226,22FE1A0326
,22FE1A4427,22FE1A4227,22FE1A4327,22FE1A0527,22FE1A0227,22FE1A0327
,22FE1A4428,,22FE1A4328,22FE1A0528,22FE1A0228,22FE1A0328
,,,23FE1A4329,22FE1A0529,22FE1A0229,22FE1A0329
,,,23FE1A4330,,22FE1A0230,22FE1A0330
,,,23FE1A4331,,,22FE1A0331
,,,23FE1A4332,,,22FE1A0332