AIML,CSD,CSM
22FE1A6101,22FE1A4401,22FE1A4201
22FE1A6102,22FE1A4402,22FE1A4202
22FE1A6103,22FE1A4403,22FE1A4203
22FE1A6104,22FE1A4404,22FE1A4204
22FE1A6105,22FE1A4405,22FE1A4205
22FE1A6106,22FE1A4406,22FE1A4206
22FE1A6107,22FE1A4407,22FE1A4207
22FE1A6108,22FE1A4408,22FE1A4208
22FE1A6109,22FE1A4409,22FE1A4209
22FE1A6110,22FE1A4410,22FE1A4210
22FE1A6111,22FE1A4411,22FE1A4211
22FE1A6112,22FE1A4412,22FE1A4212
22FE1A6113,22FE1A4413,22FE1A4213
22FE1A6114,22FE1A4414,22FE1A4214
22FE1A6115,22FE1A4415,22FE1A4215
22FE1A6116,22FE1A4416,22FE1A4216
22FE1A6117,22FE1A4417,22FE1A4217
22FE1A6118,22FE1A4418,22FE1A4218
22FE1A6119,22FE1A4419,22FE1A4219
22FE1A6120,22FE1A4420,22FE1A4220
22FE1A6121,22FE1A4421,22FE1A4221
22FE1A6122,22FE1A4422,22FE1A4222
22FE1A6123,22FE1A4423,22FE1A4223
22FE1A6124,22FE1A4424,22FE1A4224